country,target_year,y,pred,lo,hi,un,births_k,err_births_k
USA,2015,1.8322,1.8029518845837789,1.3771517143298249,2.2098168562879525,1.9845,3982.193,63.569283087909675
USA,2020,1.6156,1.6377211898354322,1.2119210195814782,2.044586161539606,2.08,3641.99,-49.867016692712404
India,2015,2.2887,2.4340881973325583,2.1064582969235044,2.9209339870034334,2.4105,25147.251,-1597.4629662076181
India,2020,2.0468,2.151296504603502,1.8236666041944478,2.6381422942743775,2.32,23485.339,-1199.0110586907856
Japan,2015,1.4153,1.1740899700343554,0.7482897997804014,1.5809549417385294,1.2825,994.851,169.5527729254232
Japan,2020,1.3036,1.3772534082026784,0.9514532379487244,1.7841183799068523,1.545,840.688,-47.49887728988433
Republic of Korea,2015,1.2017,0.9366971871794316,0.5108970169254776,1.3435621588836055,1.2725,424.787,93.67541803246299
Republic of Korea,2020,0.8121,1.2326998258847257,0.8068996556307717,1.6395647975888996,1.52,270.034,-139.85500970687846
Taiwan,2015,1.1848,0.9550313213257784,0.5292311510718244,1.3618962930299523,,212.264,41.16443181136478
Taiwan,2020,0.99,0.8524038782963781,0.42660370804242415,1.259268850000552,1.13,161.442,22.438174828359728
