method,param,MAE_mean,MAE_sd,RMSE_mean,RMSE_sd,R2_mean,R2_sd,Hit_mean,Hit_sd,MAE_1980,MAE_1985,MAE_1990,MAE_1995
Set A: raw columns,10,0.3667922631973139,0.06769447680075966,0.490605844292115,0.09737541267802823,0.9179424682757614,0.025414939005135494,0.33448275862068966,0.07133848574336965,0.4041659385956064,0.42397764677327693,0.3675229359771544,0.27150253144321773
Set B: top-5 raw by |Spearman|,10,0.3488796038172427,0.048020198577702435,0.46617727993223695,0.07387767533098828,0.9261994825291542,0.01812300477271375,0.35862068965517235,0.05714851905588991,0.37149089277376046,0.3884422860927382,0.35592751591867694,0.27965772048379506
Set B+: top-5 of raw+engineered,3.16,0.34668238072565893,0.0527010184083766,0.46108153075116537,0.07392011589501787,0.9279122565250517,0.01733110947674745,0.3448275862068966,0.06590929281301816,0.35564354213467386,0.4074756218003465,0.34438763731580274,0.27922272165181267
Set C: ours,0.001,0.32806279168230607,0.05180638409565479,0.4448753910407469,0.0693177696663566,0.9332395908020461,0.013563919700597506,0.39827586206896554,0.07646054422787397,0.3733735782644386,0.3706065312575309,0.2969702132179165,0.27130084398933835
C minus level,31.6,0.4832821668201842,0.017257123747804016,0.6170612916160172,0.022087717224103076,0.8707641761160815,0.01283977590131033,0.25862068965517243,0.045572937015170144,0.4769610008901476,0.5077832046828201,0.4675622575003622,0.48082220420740684
C minus momentum,0.001,0.34797986342616105,0.0566203694986051,0.4897063271791348,0.07762045321904847,0.9188180388794052,0.018458700388320988,0.3758620689655172,0.08622988199315428,0.3907337114201634,0.39153085119539166,0.3377573433157681,0.271897547773321
C minus education_stage,31.6,0.34473067324488715,0.06543879629791743,0.4748666607380797,0.10243214066167598,0.9229795729485547,0.026627892848787554,0.42931034482758623,0.0339615786268831,0.3575568195831963,0.4229217214375814,0.3340523306816538,0.264391821277117
C plus development_logs,0.001,0.3644250959141043,0.049753187296743134,0.4702148731877388,0.05371694492916348,0.9250068449478138,0.013540118423410873,0.34655172413793106,0.07393047692361378,0.3724278135261077,0.4296664058626992,0.34235167551803775,0.3132544887495726
C plus region,0.001,0.3390660214988941,0.06998913485486656,0.45465053055035626,0.09968522501066292,0.9297417978864841,0.02254881170543761,0.4,0.09062254411230816,0.3842540481086687,0.4036697721669028,0.3191895379451189,0.24915072777488592
C plus curvature,0.001,0.32900496289181147,0.05424942041818086,0.446162441259257,0.07192155657229866,0.9328587808592494,0.014126930361012332,0.40689655172413797,0.07741360110566776,0.3776500554729482,0.3724477880641488,0.2959086381205523,0.27001336990959646
