slice_by,slice,n,Set A,Set C w/o education,Set C,Damped trend,RF (raw)
stage,<2.5,199,0.28371133223230943,0.25810038378160266,0.24880824557844428,0.32024341708542714,0.2751164662831301
stage,2.5-4,116,0.2719656278213862,0.2673527947605178,0.27241795294651483,0.3353662068965517,0.2661221259421903
stage,4-5.5,107,0.5147914709665848,0.4151351811300982,0.3783645158278657,0.47115214953271034,0.43507412490048253
stage,>=5.5,158,0.4408244134146018,0.4629710476984496,0.43467147196360617,0.5917986075949369,0.464782231808525
region,Advanced Economies,96,0.30304511847565413,0.19416806604912806,0.20115044813114583,0.23550812499999996,0.2044360706126743
region,East Asia and the Pacific,76,0.42509323061281173,0.3808485610005228,0.4038861290765641,0.48843105263157893,0.44216690302612777
region,Europe and Central Asia,76,0.2641833688401465,0.37376237970304005,0.330990676466774,0.4560073684210527,0.3768099872369446
region,Latin America and the Caribbean,100,0.2400337056315751,0.2630747716367944,0.2355133604681859,0.3416764,0.2089751981774586
region,Middle East and North Africa,72,0.6042519899433885,0.5790725050642103,0.5158129678584746,0.6751594444444444,0.564284614381555
region,South Asia,28,0.5972786235552948,0.5374562190075137,0.5106632589416167,0.6530014285714288,0.47902929272757255
region,Sub-Saharan Africa,132,0.35627912442215687,0.30987691657071603,0.30399165114287724,0.38711454545454554,0.3696964295555715
