param,MAE_mean,MAE_sd
0.001,0.32806279168230607,0.05180638409565479
0.00316,0.3280648384696393,0.05180673352365755
0.01,0.3280713093233464,0.05180783779671779
0.0316,0.32809200792201904,0.05181112059159904
0.1,0.3281584002650597,0.051820547963253194
0.316,0.3283686094927054,0.051846857744902414
1,0.32905688485582774,0.05193091031946846
3.16,0.3312167705501388,0.05205971933541366
10,0.33711331573049835,0.05184353176674126
31.6,0.3509061157089861,0.049466548603539544
100,0.3722406732148702,0.041816363632046306
316,0.4127970540847149,0.036315862528308616
1e+03,0.6211381179062144,0.061515423406491264
