band,spearman_y,partial_y_given_tfr
15-19,-0.7888238567827129,-0.32620498077883514
20-24,-0.8502194761569144,-0.32781045747080423
25-29,-0.8481106547922557,-0.27435466999717234
30-34,-0.8463442750264238,-0.23470022417093353
35-39,-0.8392100637685436,-0.18516209527724428
40-44,-0.832553653041218,-0.15348020811224464
45-49,-0.8148112308183768,-0.1161879065124267
50-54,-0.7989673115658117,-0.09142682991883316
55-59,-0.7760512036433573,-0.06570538855501283
60-64,-0.7564845687880081,-0.04947690732280413
