feature,pearson_y,spearman_y,MI_y,pearson_dy,partial_y_given_tfr
tfr,0.9496580761849982,0.9576525319264966,1.2512923170011048,-0.19831656241821122,
tfr2,0.9572023816994948,0.9576525319264966,1.244300839085812,-0.12934054863059744,
log_q5,0.8806016443113602,0.9049719831441755,0.8716700600443232,-0.04895821485874061,0.44078205991725977
q5,0.8735448286809346,0.9049719831441755,0.8463589528370012,0.1821248802344872,0.5717328163067636
edu_f2534,-0.8417664647236474,-0.8601523615155768,0.6552357285724062,0.06296961371063653,-0.2643426549723418
edu_f1524,-0.8453781599804303,-0.8434915960919505,0.6132765956983359,-0.020136649600272928,-0.3406891851434295
edu_m2564,-0.8232819009884895,-0.8481071645787587,0.6003035097134681,0.040608050821757564,-0.3005272361273683
edu_f2564,-0.8180473776560119,-0.8493625202015737,0.5835653664972873,0.10089661821280682,-0.191538793623256
edu_avg1524,-0.8356469059530719,-0.8374165109373645,0.581741376001998,-0.03434041617643505,-0.3620164857689958
edu_x_stage,0.6302662770388722,0.7997598840364097,0.5280422154362188,-0.18074654365783788,-0.32418730187788364
edu_m1524,-0.8048130532434442,-0.8084262414949498,0.4859859856768374,-0.05017931921374072,-0.3635883620897709
log_gdppc,-0.6863353455743085,-0.7315569911775235,0.41096810590982,0.020066537927238642,-0.23717194520497997
gdppc,-0.27981907428481034,-0.7315569911775235,0.3978355440205279,-0.019953550180611773,-0.11205519084780359
urban,-0.5399358412664358,-0.5110224296381836,0.2760593145804173,-0.18278832338361017,-0.28177774353901547
d5,0.3042234794543625,0.31072558009571555,0.26793211040026854,0.40069767393276917,0.36325289967369845
edu_gap1524,-0.5146189933605289,-0.5452878762827786,0.19883278845975783,0.0738045840882006,0.01607862974274237
