Variable,Mean,SD,Min,Max,Missing %
TFR at t+10 (target),4.077145517241379,2.049748711307399,0.862,8.8637,0.0
TFR at t,4.603500153256705,2.039185205838752,1.1534,8.8637,0.0
"TFR change, t-5 to t",-0.21422544061302684,0.3906568655767072,-2.514,2.154000000000001,0.0
Female schooling 15-24 (yr),5.690042431770531,3.333234393144743,0.051,12.856,0.0
Female schooling 25-64 (yr),4.2058676620622295,3.212419333811575,0.0,13.049643687590168,0.0
Male schooling 15-24 (yr),6.251300243403882,2.871428438116633,0.084,12.942,0.0
"Under-5 mortality (per 1,000)",110.32783862068965,95.3809934106478,4.6797,467.1654,0.0
GDP per capita (2017 US$ PPP),10293.761611487742,19267.418507702037,266.0977300779475,283541.1745141015,19.846743295019156
Urban share (%),61.30833793103448,18.270475693350967,8.322000000000003,99.925,0.0
